{
	"eft":"SMEFT",
	"basis":"Warsaw mass",
	"metadata":{
		"generator":" SmeftFR v3.01, SMEFTToWCXF routine",
		"description":"Generated from the FeynRules model file \/home\/rosiek\/FeynRules\/Models\/SMEFT_3_01\/output\/smeft_par_MB.fr on 28.4.2023 19:48"
	},
	"scale":0,
	"values":{
		"phi":1.04352e-11,
		"phi4n1":0,
		"phi4n3":0,
		"phi8":1.04352e-13,
		"phiBox":4.67129e-9,
		"phiD":7.43333e-9,
		"phiW":4.16813e-9,
		"phiWB":3.07843e-11,
		"dphi_11":{
			"Re":2.29796e-9,
			"Im":0
		},
		"dphi_12":{
			"Re":1.63327e-9,
			"Im":0
		},
		"dphi_13":{
			"Re":7.09081e-9,
			"Im":0
		},
		"dphi_21":{
			"Re":2.4317e-9,
			"Im":0
		},
		"dphi_22":{
			"Re":7.52111e-9,
			"Im":0
		},
		"dphi_23":{
			"Re":7.33778e-9,
			"Im":0
		},
		"dphi_31":{
			"Re":3.453e-11,
			"Im":0
		},
		"dphi_32":{
			"Re":3.17216e-9,
			"Im":0
		},
		"dphi_33":{
			"Re":5.48497e-9,
			"Im":0
		},
		"eB_11":{
			"Re":3.87512e-9,
			"Im":0
		},
		"eB_12":{
			"Re":1.44735e-9,
			"Im":0
		},
		"eB_13":{
			"Re":4.31038e-9,
			"Im":0
		},
		"eB_21":{
			"Re":2.64215e-9,
			"Im":0
		},
		"eB_22":{
			"Re":6.85471e-9,
			"Im":0
		},
		"eB_23":{
			"Re":8.56193e-9,
			"Im":0
		},
		"eB_31":{
			"Re":5.87091e-9,
			"Im":0
		},
		"eB_32":{
			"Re":4.26664e-9,
			"Im":0
		},
		"eB_33":{
			"Re":7.37525e-9,
			"Im":0
		},
		"uW_11":{
			"Re":1.37579e-9,
			"Im":0
		},
		"uW_12":{
			"Re":1.02131e-9,
			"Im":0
		},
		"uW_13":{
			"Re":4.66907e-9,
			"Im":0
		},
		"uW_21":{
			"Re":7.52853e-9,
			"Im":0
		},
		"uW_22":{
			"Re":2.13765e-9,
			"Im":0
		},
		"uW_23":{
			"Re":6.94742e-9,
			"Im":0
		},
		"uW_31":{
			"Re":6.86293e-9,
			"Im":0
		},
		"uW_32":{
			"Re":1.9634e-9,
			"Im":0
		},
		"uW_33":{
			"Re":8.66959e-9,
			"Im":0
		},
		"ll_1111":7.97594e-9,
		"ll_1112":{
			"Re":3.48698e-9,
			"Im":0
		},
		"ll_1113":{
			"Re":7.18888e-9,
			"Im":0
		},
		"ll_1122":1.29642e-9,
		"ll_1123":{
			"Re":3.71204e-9,
			"Im":0
		},
		"ll_1133":5.45679e-9,
		"ll_1212":{
			"Re":9.62444e-9,
			"Im":0
		},
		"ll_1213":{
			"Re":2.43116e-9,
			"Im":0
		},
		"ll_1221":3.96713e-9,
		"ll_1222":{
			"Re":7.86147e-9,
			"Im":0
		},
		"ll_1223":{
			"Re":3.78391e-10,
			"Im":0
		},
		"ll_1231":{
			"Re":4.52021e-9,
			"Im":0
		},
		"ll_1232":{
			"Re":1.76099e-9,
			"Im":0
		},
		"ll_1233":{
			"Re":6.70751e-9,
			"Im":0
		},
		"ll_1313":{
			"Re":4.45555e-9,
			"Im":0
		},
		"ll_1322":{
			"Re":4.77799e-9,
			"Im":0
		},
		"ll_1323":{
			"Re":9.24768e-9,
			"Im":0
		},
		"ll_1331":4.94867e-9,
		"ll_1332":{
			"Re":8.9909e-9,
			"Im":0
		},
		"ll_1333":{
			"Re":3.68755e-9,
			"Im":0
		},
		"ll_2222":1.09751e-9,
		"ll_2223":{
			"Re":3.94129e-9,
			"Im":0
		},
		"ll_2233":2.23023e-9,
		"ll_2323":{
			"Re":2.52328e-9,
			"Im":0
		},
		"ll_2332":9.35379e-9,
		"ll_2333":{
			"Re":5.89744e-9,
			"Im":0
		},
		"ll_3333":4.46481e-10
	}
}